id,site,visit,param,datetime,value,units,organization,precip,precip48
9877,MAR036,1121,ECOLI,2006-02-08T11:20:00Z,30.0,CFU/100ml,MyRWA,0.0,0.0
12168,MAR036,1406,ECOLI,2008-03-19T10:22:00Z,246.0,MPN/100ml,MyRWA,0.0,0.01
17016,MAR036,1990,ECOLI,2012-06-20T11:00:00Z,134.0,MPN/100ml,MyRWA,0.0,0.0
16795,MAR036,1964,ECOLI,2012-04-18T10:30:00Z,253.0,MPN/100ml,MyRWA,0.0,0.0
8133,MAR036,914,ECOLI,2004-07-14T11:04:00Z,1710.0,CFU/100ml,MyRWA,0.0,0.47
14929,MAR036,1737,ECOLI,2010-08-18T11:06:00Z,1200.0,MPN/100ml,MyRWA,0.0,0.01
7582,MAR036,851,ECOLI,2004-02-11T11:40:00Z,10.0,CFU/100ml,MyRWA,0.0,0.0
16079,MAR036,1885,ECOLI,2011-09-21T10:59:00Z,1020.0,MPN/100ml,MyRWA,0.0,0.13
144976,MAR036,29033,ECOLI,2013-07-17T10:15:00Z,218.0,MPN/100ml,MyRWA,0.0,0.01
14124,MAR036,1643,ECOLI,2009-12-16T11:53:00Z,583.0,MPN/100ml,MyRWA,0.0,0.0
13534,MAR036,1568,ECOLI,2009-06-17T10:22:00Z,110.0,MPN/100ml,MyRWA,0.0,0.0
15343,MAR036,1791,ECOLI,2011-01-19T12:08:00Z,1660.0,MPN/100ml,MyRWA,0.0,0.91
11210,MAR036,1291,ECOLI,2007-05-09T10:08:00Z,292.0,MPN/100ml,MyRWA,0.0,0.0
15969,MAR036,1871,ECOLI,2011-08-17T10:50:00Z,706.0,MPN/100ml,MyRWA,0.0,1.22
17514,MAR036,2046,ECOLI,2012-11-14T11:05:00Z,2250.0,MPN/100ml,MyRWA,0.0,0.29
163161,MAR036,30965,ECOLI,2014-07-16T11:41:00Z,98.0,MPN/100ml,MyRWA,0.0,0.67
415370,MAR036,121220,ECOLI,2015-04-15T10:05:00Z,110.0,MPN/100ml,MyRWA,0.0,0.01
277908,MAR036,43358,ECOLI,2014-11-19T11:10:00Z,2060.0,MPN/100ml,MyRWA,0.0,1.4100000000000001
145170,MAR036,29055,ECOLI,2013-09-18T10:05:00Z,169.0,MPN/100ml,MyRWA,0.0,0.0
13518,MAR036,1566,ECOLI,2009-05-20T11:24:00Z,189.0,MPN/100ml,MyRWA,0.0,0.0
10987,MAR036,1260,ECOLI,2007-02-21T11:48:00Z,10.0,MPN/100ml,MyRWA,0.0,0.0
11476,MAR036,1315,ECOLI,2007-07-18T10:32:00Z,74.0,MPN/100ml,MyRWA,0.0,0.0
8512,MAR036,957,ECOLI,2004-11-10T11:27:00Z,70.0,CFU/100ml,MyRWA,0.0,0.0
144769,MAR036,29010,ECOLI,2013-05-15T10:38:00Z,259.0,MPN/100ml,MyRWA,0.0,0.0
15785,MAR036,1848,ECOLI,2011-06-15T10:55:00Z,1110.0,MPN/100ml,MyRWA,0.0,0.04
162394,MAR036,30869,ECOLI,2014-05-21T10:07:00Z,218.0,MPN/100ml,MyRWA,0.0,0.05
9605,MAR036,1088,ECOLI,2005-11-09T11:21:00Z,170.0,CFU/100ml,MyRWA,0.0,0.0
7792,MAR036,875,ECOLI,2004-04-14T10:29:00Z,630.0,CFU/100ml,MyRWA,0.0,2.04
14540,MAR036,1697,ECOLI,2010-05-19T10:17:00Z,7270.0,MPN/100ml,MyRWA,0.01,0.92
277752,MAR036,43341,ECOLI,2014-10-15T10:10:00Z,426.0,MPN/100ml,MyRWA,0.0,0.0
415606,MAR036,121243,ECOLI,2015-06-17T10:10:00Z,959.0,MPN/100ml,MyRWA,0.0,0.39
439779,MAR036,136599,ECOLI,2015-09-16T10:18:00Z,135.0,MPN/100ml,MyRWA,0.0,0.0
16333,MAR036,1917,ECOLI,2011-12-14T11:40:00Z,620.0,MPN/100ml,MyRWA,0.0,0.02
6619,MAR036,735,ECOLI,2003-03-12T11:35:00Z,50.0,CFU/100ml,MyRWA,0.0,0.0
12999,MAR036,1500,ECOLI,2008-11-19T11:09:00Z,20.0,MPN/100ml,MyRWA,0.0,0.0
13750,MAR036,1596,ECOLI,2009-08-19T10:55:00Z,63.0,MPN/100ml,MyRWA,0.0,0.0
10261,MAR036,1169,ECOLI,2006-06-14T10:27:00Z,260.0,CFU/100ml,MyRWA,0.0,0.0
15298,MAR036,1784,ECOLI,2010-12-15T12:06:00Z,1610.0,MPN/100ml,MyRWA,0.0,0.0
7343,MAR036,821,ECOLI,2003-10-08T11:15:00Z,10.0,CFU/100ml,MyRWA,0.0,0.0
160345,MAR036,30603,ECOLI,2013-11-20T11:05:00Z,3080.0,MPN/100ml,MyRWA,0.0,0.14
415503,MAR036,121233,ECOLI,2015-05-20T10:05:00Z,5170.0,MPN/100ml,MyRWA,0.0,0.27
10153,MAR036,1156,ECOLI,2006-05-10T10:25:00Z,2e3,CFU/100ml,MyRWA,0.01,1.25
10737,MAR036,1228,ECOLI,2006-11-08T11:24:00Z,9210.0,MPN/100ml,MyRWA,0.0,0.29000000000000004
10056,MAR036,1144,ECOLI,2006-04-12T10:20:00Z,10.0,CFU/100ml,MyRWA,0.0,0.0
15413,MAR036,1801,ECOLI,2011-02-16T12:00:00Z,9210.0,MPN/100ml,MyRWA,0.0,0.0
14690,MAR036,1707,ECOLI,2010-06-16T10:31:00Z,275.0,MPN/100ml,MyRWA,0.0,0.0
12340,MAR036,1429,ECOLI,2008-05-21T10:30:00Z,62.0,MPN/100ml,MyRWA,0.0,0.0
6759,MAR036,751,ECOLI,2003-04-09T11:01:00Z,200.0,CFU/100ml,MyRWA,0.0,0.04
9004,MAR036,1017,ECOLI,2005-05-11T10:23:00Z,10.0,CFU/100ml,MyRWA,0.0,0.0
12244,MAR036,1417,ECOLI,2008-04-16T10:23:00Z,110.0,MPN/100ml,MyRWA,0.0,0.0
16713,MAR036,1954,ECOLI,2012-03-21T10:40:00Z,41.0,MPN/100ml,MyRWA,0.0,0.0
15705,MAR036,1838,ECOLI,2011-05-18T10:52:00Z,2910.0,MPN/100ml,MyRWA,0.0,0.32
16519,MAR036,1930,ECOLI,2012-01-18T11:40:00Z,1310.0,MPN/100ml,MyRWA,0.0,0.15
6379,MAR036,717,ECOLI,2002-12-11T12:03:00Z,1160.0,CFU/100ml,MyRWA,0.0,0.0
6034,MAR036,677,ECOLI,2002-09-11T10:40:00Z,20.0,CFU/100ml,MyRWA,0.0,0.0
144895,MAR036,29024,ECOLI,2013-06-19T10:45:00Z,3650.0,MPN/100ml,MyRWA,0.0,1.06
9517,MAR036,1078,ECOLI,2005-10-12T10:48:00Z,6100.0,CFU/100ml,MyRWA,0.0,0.33
448249,MAR036,137781,ECOLI,2016-01-20T11:05:00Z,536.0,MPN/100ml,MyRWA,null,null
415255,MAR036,121208,ECOLI,2015-03-18T10:10:00Z,1370.0,MPN/100ml,MyRWA,0.0,0.14
10472,MAR036,1194,ECOLI,2006-08-09T10:41:00Z,3360.0,CFU/100ml,MyRWA,0.0,0.04
11071,MAR036,1271,ECOLI,2007-03-21T10:45:00Z,959.0,MPN/100ml,MyRWA,0.0,0.07
5889,MAR036,660,ECOLI,2002-07-10T11:11:00Z,71e3,CFU/100ml,MyRWA,0.0,0.62
6826,MAR036,759,ECOLI,2003-05-14T10:40:00Z,850.0,CFU/100ml,MyRWA,0.0,0.1
10355,MAR036,1180,ECOLI,2006-07-12T10:37:00Z,70400.0,CFU/100ml,MyRWA,0.0,0.02
145084,MAR036,29045,ECOLI,2013-08-21T10:35:00Z,384.0,MPN/100ml,MyRWA,0.0,0.0
13346,MAR036,1544,ECOLI,2009-04-15T10:10:00Z,350.0,MPN/100ml,MyRWA,0.0,0.0
8440,MAR036,949,ECOLI,2004-10-13T10:47:00Z,190.0,CFU/100ml,MyRWA,0.0,0.11
11558,MAR036,1327,ECOLI,2007-08-15T10:39:00Z,677.0,MPN/100ml,MyRWA,0.0,0.0
10635,MAR036,1215,ECOLI,2006-10-11T10:29:00Z,31.0,MPN/100ml,MyRWA,0.0,0.0
9791,MAR036,1110,ECOLI,2006-01-11T11:24:00Z,5.0,CFU/100ml,MyRWA,0.0,0.01
11836,MAR036,1363,ECOLI,2007-11-14T11:28:00Z,20.0,MPN/100ml,MyRWA,0.0,0.22
12747,MAR036,1468,ECOLI,2008-08-20T10:46:00Z,110.0,MPN/100ml,MyRWA,0.0,0.01
9954,MAR036,1132,ECOLI,2006-03-08T11:24:00Z,240.0,CFU/100ml,MyRWA,0.0,0.0
15553,MAR036,1819,ECOLI,2011-03-16T13:10:00Z,2140.0,MPN/100ml,MyRWA,0.0,0.0
12810,MAR036,1476,ECOLI,2008-09-10T10:09:00Z,24200.0,MPN/100ml,MyRWA,0.0,0.28
7909,MAR036,888,ECOLI,2004-05-12T10:11:00Z,160.0,CFU/100ml,MyRWA,0.0,0.0
14802,MAR036,1721,ECOLI,2010-07-21T10:30:00Z,20.0,MPN/100ml,MyRWA,0.0,0.0
144462,MAR036,28975,ECOLI,2013-02-20T11:25:00Z,1330.0,MPN/100ml,MyRWA,0.0,0.45
15881,MAR036,1860,ECOLI,2011-07-20T11:01:00Z,203.0,MPN/100ml,MyRWA,0.0,0.0
162500,MAR036,30881,ECOLI,2014-06-18T09:40:00Z,262.0,MPN/100ml,MyRWA,0.0,0.02
9701,MAR036,1099,ECOLI,2005-12-14T11:26:00Z,60.0,CFU/100ml,MyRWA,0.0,0.0
8239,MAR036,926,ECOLI,2004-08-11T10:57:00Z,140.0,CFU/100ml,MyRWA,0.0,0.0
14297,MAR036,1666,ECOLI,2010-02-17T12:07:00Z,6490.0,MPN/100ml,MyRWA,0.0,0.4
12524,MAR036,1452,ECOLI,2008-07-16T10:02:00Z,52.0,MPN/100ml,MyRWA,0.0,0.07
15127,MAR036,1762,ECOLI,2010-10-20T11:08:00Z,3260.0,MPN/100ml,MyRWA,0.0,0.0
16237,MAR036,1905,ECOLI,2011-11-16T11:50:00Z,2910.0,MPN/100ml,MyRWA,0.0,0.0
13996,MAR036,1627,ECOLI,2009-11-18T11:25:00Z,663.0,MPN/100ml,MyRWA,0.0,0.0
161659,MAR036,30784,ECOLI,2014-01-15T11:08:00Z,1110.0,MPN/100ml,MyRWA,0.0,0.79
10555,MAR036,1205,ECOLI,2006-09-13T10:38:00Z,63.0,MPN/100ml,MyRWA,0.0,0.0
144568,MAR036,28987,ECOLI,2013-03-20T10:35:00Z,1440.0,MPN/100ml,MyRWA,0.0,0.73
6576,MAR036,730,ECOLI,2003-01-08T12:12:00Z,550.0,CFU/100ml,MyRWA,0.0,0.02
13093,MAR036,1512,ECOLI,2008-12-17T11:10:00Z,2020.0,MPN/100ml,MyRWA,0.04,0.19
5907,MAR036,662,ECOLI,2002-08-14T10:00:00Z,160.0,CFU/100ml,MyRWA,0.0,0.0
6154,MAR036,691,ECOLI,2002-10-09T10:55:00Z,49e3,CFU/100ml,MyRWA,0.0,0.0
6280,MAR036,706,ECOLI,2002-11-13T12:04:00Z,6800.0,CFU/100ml,MyRWA,0.07,0.9400000000000001
9293,MAR036,1050,ECOLI,2005-08-10T10:00:00Z,150.0,CFU/100ml,MyRWA,0.0,0.02
7136,MAR036,797,ECOLI,2003-08-13T10:51:00Z,4200.0,CFU/100ml,MyRWA,0.0,0.04
17190,MAR036,2010,ECOLI,2012-08-15T10:10:00Z,148.0,MPN/100ml,MyRWA,0.0,0.0
5728,MAR036,642,ECOLI,2002-06-12T10:30:00Z,550.0,CFU/100ml,MyRWA,0.0,0.24
161875,MAR036,30810,ECOLI,2014-03-19T10:15:00Z,816.0,MPN/100ml,MyRWA,0.0,0.0
7033,MAR036,784,ECOLI,2003-07-09T10:48:00Z,90.0,CFU/100ml,MyRWA,0.0,0.0
9114,MAR036,1030,ECOLI,2005-06-08T10:36:00Z,260.0,CFU/100ml,MyRWA,0.0,0.02
11999,MAR036,1384,ECOLI,2008-01-16T11:40:00Z,1170.0,MPN/100ml,MyRWA,0.0,0.19999999999999998
8601,MAR036,970,ECOLI,2004-12-08T11:30:00Z,2810.0,CFU/100ml,MyRWA,0.0,1.02
13916,MAR036,1617,ECOLI,2009-10-21T11:00:00Z,960.0,MPN/100ml,MyRWA,0.0,0.0
6943,MAR036,773,ECOLI,2003-06-11T10:53:00Z,50.0,CFU/100ml,MyRWA,0.0,0.0
9195,MAR036,1039,ECOLI,2005-07-13T10:35:00Z,150.0,CFU/100ml,MyRWA,0.0,0.0
17917,MAR036,2096,ECOLI,2012-12-19T11:40:00Z,1560.0,MPN/100ml,MyRWA,0.0,1.26
277587,MAR036,43323,ECOLI,2014-09-17T10:07:00Z,717.0,MPN/100ml,MyRWA,0.0,0.0
448372,MAR036,137794,ECOLI,2016-02-17T11:15:00Z,794.0,MPN/100ml,MyRWA,null,null
8791,MAR036,993,ECOLI,2005-02-09T11:36:00Z,80.0,CFU/100ml,MyRWA,0.0,0.0
12903,MAR036,1488,ECOLI,2008-10-15T10:15:00Z,63.0,MPN/100ml,MyRWA,0.0,0.0
8014,MAR036,900,ECOLI,2004-06-09T10:50:00Z,50.0,CFU/100ml,MyRWA,0.0,0.0
14345,MAR036,1672,ECOLI,2010-03-24T10:40:00Z,435.0,MPN/100ml,MyRWA,0.0,2.31
17424,MAR036,2036,ECOLI,2012-10-17T10:40:00Z,2140.0,MPN/100ml,MyRWA,0.0,0.08
439660,MAR036,136586,ECOLI,2015-08-19T10:05:00Z,86.0,MPN/100ml,MyRWA,0.0,0.0
17091,MAR036,1999,ECOLI,2012-07-18T10:06:00Z,399.0,MPN/100ml,MyRWA,0.0,0.0
11197,MAR036,1289,ECOLI,2007-04-18T11:18:00Z,4110.0,MPN/100ml,MyRWA,0.0,0.44
15569,MAR036,1821,ECOLI,2011-04-20T10:38:00Z,1370.0,MPN/100ml,MyRWA,0.0,0.15
17316,MAR036,2024,ECOLI,2012-09-19T10:45:00Z,24200.0,MPN/100ml,MyRWA,0.0,0.7000000000000001
144667,MAR036,28998,ECOLI,2013-04-17T10:10:00Z,479.0,MPN/100ml,MyRWA,0.0,0.0
7248,MAR036,810,ECOLI,2003-09-10T11:15:00Z,100.0,CFU/100ml,MyRWA,0.0,0.0
7704,MAR036,865,ECOLI,2004-03-10T11:32:00Z,10.0,CFU/100ml,MyRWA,0.0,0.07
14977,MAR036,1743,ECOLI,2010-09-15T10:31:00Z,1050.0,MPN/100ml,MyRWA,0.0,0.15000000000000002
277423,MAR036,43305,ECOLI,2014-08-20T10:20:00Z,120.0,MPN/100ml,MyRWA,0.0,0.0
12436,MAR036,1441,ECOLI,2008-06-18T10:15:00Z,3870.0,MPN/100ml,MyRWA,0.0,0.44
440109,MAR036,136632,ECOLI,2015-11-18T14:22:00Z,181.0,MPN/100ml,MyRWA,0.0,0.0
11311,MAR036,1304,ECOLI,2007-06-20T10:50:00Z,1290.0,MPN/100ml,MyRWA,0.0,0.0
15198,MAR036,1771,ECOLI,2010-11-17T12:01:00Z,2060.0,MPN/100ml,MyRWA,0.13,0.59
14508,MAR036,1693,ECOLI,2010-04-21T11:36:00Z,448.0,MPN/100ml,MyRWA,0.0,0.0
16165,MAR036,1896,ECOLI,2011-10-19T10:50:00Z,1220.0,MPN/100ml,MyRWA,0.0,0.0
7439,MAR036,832,ECOLI,2003-11-12T11:55:00Z,100.0,CFU/100ml,MyRWA,0.0,0.14
160104,MAR036,30574,ECOLI,2013-10-16T10:07:00Z,246.0,MPN/100ml,MyRWA,0.0,0.0
8706,MAR036,983,ECOLI,2005-01-12T11:52:00Z,20.0,CFU/100ml,MyRWA,0.01,0.09
446185,MAR036,137321,ECOLI,2015-12-16T11:02:00Z,4110.0,MPN/100ml,MyRWA,0.0,0.61
13266,MAR036,1534,ECOLI,2009-03-18T10:16:00Z,110.0,MPN/100ml,MyRWA,0.0,0.0
439889,MAR036,136610,ECOLI,2015-10-21T10:10:00Z,148.0,MPN/100ml,MyRWA,0.0,0.0
11734,MAR036,1350,ECOLI,2007-10-17T10:24:00Z,20.0,MPN/100ml,MyRWA,0.0,0.0
16644,MAR036,1946,ECOLI,2012-02-15T12:05:00Z,1290.0,MPN/100ml,MyRWA,0.0,0.0
440134,MAR036,136635,ECOLI,2015-07-15T10:05:00Z,63.0,MPN/100ml,MyRWA,0.0,0.03
8342,MAR036,938,ECOLI,2004-09-08T10:54:00Z,50.0,CFU/100ml,MyRWA,0.0,0.0
144345,MAR036,28938,ECOLI,2013-01-16T11:20:00Z,677.0,MPN/100ml,MyRWA,0.06,0.06
10841,MAR036,1241,ECOLI,2006-12-13T11:35:00Z,146.0,MPN/100ml,MyRWA,0.0,0.0
162286,MAR036,30857,ECOLI,2014-04-16T10:10:00Z,1920.0,MPN/100ml,MyRWA,0.0,0.98
10927,MAR036,1252,ECOLI,2007-01-17T11:35:00Z,1090.0,MPN/100ml,MyRWA,0.0,0.51
13656,MAR036,1584,ECOLI,2009-07-15T10:55:00Z,243.0,MPN/100ml,MyRWA,0.0,0.0
12094,MAR036,1396,ECOLI,2008-02-20T11:58:00Z,855.0,MPN/100ml,MyRWA,0.0,0.39
278281,MAR036,43410,ECOLI,2015-01-21T11:12:00Z,1400.0,MPN/100ml,MyRWA,0.0,0.0
8906,MAR036,1006,ECOLI,2005-04-13T10:23:00Z,10.0,CFU/100ml,MyRWA,0.0,0.04
278071,MAR036,43376,ECOLI,2014-12-17T11:10:00Z,8160.0,MPN/100ml,MyRWA,0.09,0.26
326483,MWRA176,16504,ECOLI,2003-06-26T11:45:00Z,45.0,CFU/100ml,MWRA,0.0,0.0
357009,MWRA176,18754,ECOLI,2008-10-30T13:54:00Z,301.0,MPN/100ml,MWRA,0.0,0.4
375329,MWRA176,20063,ECOLI,2011-09-28T13:00:00Z,109.0,MPN/100ml,MWRA,0.0,0.0
353497,MWRA176,18493,ECOLI,2008-05-15T12:54:00Z,10.0,MPN/100ml,MWRA,0.0,0.0
345271,MWRA176,17884,ECOLI,2006-10-02T14:09:00Z,70.0,MPN/100ml,MWRA,0.0,0.38
374275,MWRA176,19987,ECOLI,2011-08-31T13:09:00Z,175.0,MPN/100ml,MWRA,0.0,0.0
337353,MWRA176,17264,ECOLI,2005-07-14T13:40:00Z,35.0,CFU/100ml,MWRA,0.0,0.0
348004,MWRA176,18093,ECOLI,2007-05-09T13:42:00Z,41.0,MPN/100ml,MWRA,0.0,0.0
387225,MWRA176,20897,ECOLI,2013-05-20T13:04:00Z,73.0,MPN/100ml,MWRA,0.0,0.21
344971,MWRA176,17862,ECOLI,2006-09-15T12:57:00Z,10800.0,CFU/100ml,MWRA,0.0,0.3
389685,MWRA176,21073,ECOLI,2013-08-28T12:54:00Z,20.0,MPN/100ml,MWRA,0.0,0.0
345715,MWRA176,17914,ECOLI,2006-10-16T13:21:00Z,20.0,MPN/100ml,MWRA,0.0,0.0
390125,MWRA176,21107,ECOLI,2013-09-10T12:45:00Z,160.0,MPN/100ml,MWRA,0.0,0.0
353968,MWRA176,18526,ECOLI,2008-06-03T13:20:00Z,63.0,MPN/100ml,MWRA,0.0,0.0
323910,MWRA176,16325,ECOLI,2002-11-20T13:40:00Z,240.0,CFU/100ml,MWRA,0.0,0.0
350768,MWRA176,18290,ECOLI,2007-09-12T11:35:00Z,24200.0,MPN/100ml,MWRA,0.0,1.29
363123,MWRA176,19212,ECOLI,2009-10-27T13:13:00Z,1210.0,MPN/100ml,MWRA,0.0,0.0
383971,MWRA176,20673,ECOLI,2012-10-03T12:23:00Z,288.0,MPN/100ml,MWRA,0.0,0.03
404444,MWRA176,118349,ECOLI,2014-09-11T12:16:00Z,52.0,MPN/100ml,MWRA,0.0,0.0
334063,MWRA176,17032,ECOLI,2004-10-08T13:03:00Z,5.0,CFU/100ml,MWRA,0.0,0.0
403135,MWRA176,118208,ECOLI,2014-07-29T12:38:00Z,17300.0,MPN/100ml,MWRA,0.0,0.45
322841,MWRA176,16259,ECOLI,2002-10-03T13:33:00Z,200.0,CFU/100ml,MWRA,0.0,0.0
440982,MWRA176,136917,ECOLI,2015-04-15T13:08:00Z,41.0,MPN/100ml,MWRA,0.0,0.01
382463,MWRA176,20571,ECOLI,2012-08-23T13:26:00Z,10.0,MPN/100ml,MWRA,0.0,0.0
345427,MWRA176,17894,ECOLI,2006-10-03T13:12:00Z,65.0,MPN/100ml,MWRA,0.0,0.38
402397,MWRA176,118132,ECOLI,2014-07-01T12:55:00Z,275.0,MPN/100ml,MWRA,0.0,0.0
339127,MWRA176,17391,ECOLI,2005-10-04T11:44:00Z,15.0,CFU/100ml,MWRA,0.0,0.0
344221,MWRA176,17807,ECOLI,2006-08-21T13:16:00Z,70.0,CFU/100ml,MWRA,0.0,0.8
331601,MWRA176,16866,ECOLI,2004-06-14T13:41:00Z,30.0,CFU/100ml,MWRA,0.0,0.0
332484,MWRA176,16926,ECOLI,2004-08-02T13:39:00Z,5.0,CFU/100ml,MWRA,0.0,0.0
336716,MWRA176,17218,ECOLI,2005-06-20T13:04:00Z,15.0,CFU/100ml,MWRA,0.0,0.02
356047,MWRA176,18671,ECOLI,2008-09-29T12:16:00Z,1720.0,MPN/100ml,MWRA,0.04,1.51
391625,MWRA176,21215,ECOLI,2013-10-31T13:25:00Z,20.0,MPN/100ml,MWRA,0.0,0.05
366185,MWRA176,19422,ECOLI,2010-06-25T12:36:00Z,20.0,MPN/100ml,MWRA,0.0,0.05
351193,MWRA176,18326,ECOLI,2007-10-02T13:51:00Z,10.0,MPN/100ml,MWRA,0.0,0.0
328743,MWRA176,16656,ECOLI,2003-09-25T13:11:00Z,1500.0,CFU/100ml,MWRA,0.0,1.05
404267,MWRA176,118329,ECOLI,2014-09-10T12:40:00Z,134.0,MPN/100ml,MWRA,0.0,0.0
355779,MWRA176,18648,ECOLI,2008-09-11T14:37:00Z,471.0,MPN/100ml,MWRA,0.0,0.28
323724,MWRA176,16311,ECOLI,2002-11-19T14:03:00Z,600.0,CFU/100ml,MWRA,0.0,0.3
402214,MWRA176,118111,ECOLI,2014-06-30T13:03:00Z,1210.0,MPN/100ml,MWRA,0.0,0.0
372140,MWRA176,19847,ECOLI,2011-06-07T13:03:00Z,97.0,MPN/100ml,MWRA,0.0,0.0
380668,MWRA176,20449,ECOLI,2012-06-20T14:03:00Z,41.0,MPN/100ml,MWRA,0.0,0.0
333923,MWRA176,17023,ECOLI,2004-10-07T13:32:00Z,30.0,CFU/100ml,MWRA,0.0,0.0
319736,MWRA176,16059,ECOLI,2002-05-16T13:35:00Z,180.0,CFU/100ml,MWRA,0.0,0.04
357278,MWRA176,18777,ECOLI,2008-11-20T14:45:00Z,161.0,MPN/100ml,MWRA,0.0,0.0
404930,MWRA176,118399,ECOLI,2014-10-01T12:18:00Z,185.0,MPN/100ml,MWRA,0.0,0.18
349739,MWRA176,18216,ECOLI,2007-08-01T12:11:00Z,30.0,MPN/100ml,MWRA,0.0,0.06
336861,MWRA176,17230,ECOLI,2005-06-22T13:21:00Z,10.0,CFU/100ml,MWRA,0.0,0.0
320924,MWRA176,16137,ECOLI,2002-07-03T11:46:00Z,30.0,CFU/100ml,MWRA,0.0,0.0
444908,MWRA176,136931,ECOLI,2015-09-15T12:07:00Z,86.0,MPN/100ml,MWRA,0.0,0.38
382251,MWRA176,20555,ECOLI,2012-08-22T12:25:00Z,31.0,MPN/100ml,MWRA,0.0,0.0
350688,MWRA176,18284,ECOLI,2007-09-11T13:03:00Z,265.0,MPN/100ml,MWRA,0.0,0.01
328037,MWRA176,16608,ECOLI,2003-09-03T13:14:00Z,10.0,CFU/100ml,MWRA,0.0,0.4
375123,MWRA176,20048,ECOLI,2011-09-26T13:15:00Z,350.0,MPN/100ml,MWRA,0.0,0.0
354742,MWRA176,18578,ECOLI,2008-07-08T12:32:00Z,10.0,MPN/100ml,MWRA,0.0,0.0
332972,MWRA176,16959,ECOLI,2004-08-23T13:41:00Z,180.0,CFU/100ml,MWRA,0.0,1.01
361963,MWRA176,19127,ECOLI,2009-09-03T14:34:00Z,62.0,MPN/100ml,MWRA,0.0,0.0
388650,MWRA176,20999,ECOLI,2013-07-18T12:59:00Z,259.0,MPN/100ml,MWRA,0.0,0.01
334513,MWRA176,17064,ECOLI,2004-10-28T13:24:00Z,10.0,CFU/100ml,MWRA,0.0,0.0
353788,MWRA176,18511,ECOLI,2008-06-02T13:30:00Z,10.0,MPN/100ml,MWRA,0.0,0.02
356786,MWRA176,18738,ECOLI,2008-10-28T14:15:00Z,2910.0,MPN/100ml,MWRA,0.0,0.0
367144,MWRA176,19493,ECOLI,2010-08-04T13:03:00Z,10.0,MPN/100ml,MWRA,0.0,0.0
325405,MWRA176,16423,ECOLI,2003-05-07T13:28:00Z,10.0,CFU/100ml,MWRA,0.0,0.02
391215,MWRA176,21184,ECOLI,2013-10-21T13:33:00Z,10.0,MPN/100ml,MWRA,0.0,0.0
343733,MWRA176,17772,ECOLI,2006-08-07T13:26:00Z,45.0,CFU/100ml,MWRA,0.0,0.0
360252,MWRA176,19002,ECOLI,2009-06-30T13:17:00Z,1440.0,MPN/100ml,MWRA,0.0,0.48000000000000004
361403,MWRA176,19087,ECOLI,2009-08-11T14:25:00Z,10.0,MPN/100ml,MWRA,0.0,0.01
361755,MWRA176,19109,ECOLI,2009-09-02T13:17:00Z,31.0,MPN/100ml,MWRA,0.0,0.0
338575,MWRA176,17353,ECOLI,2005-09-13T11:47:00Z,35.0,CFU/100ml,MWRA,0.0,0.0
357592,MWRA176,18812,ECOLI,2008-12-12T13:23:00Z,1070.0,MPN/100ml,MWRA,0.52,3.73
348645,MWRA176,18137,ECOLI,2007-06-07T13:34:00Z,231.0,MPN/100ml,MWRA,0.0,0.0
376513,MWRA176,20156,ECOLI,2011-10-20T13:07:00Z,5470.0,MPN/100ml,MWRA,0.0,1.64
384118,MWRA176,20685,ECOLI,2012-10-04T12:15:00Z,158.0,MPN/100ml,MWRA,0.0,0.11
340313,MWRA176,17497,ECOLI,2005-11-23T13:15:00Z,1900.0,CFU/100ml,MWRA,0.0,1.77
365124,MWRA176,19349,ECOLI,2010-05-07T12:43:00Z,240.0,MPN/100ml,MWRA,0.0,0.0
365443,MWRA176,19369,ECOLI,2010-05-25T13:09:00Z,20.0,MPN/100ml,MWRA,0.0,0.0
389391,MWRA176,21054,ECOLI,2013-08-14T12:42:00Z,1310.0,MPN/100ml,MWRA,0.0,0.0
330827,MWRA176,16821,ECOLI,2004-05-05T13:47:00Z,1660.0,CFU/100ml,MWRA,0.0,0.81
360977,MWRA176,19055,ECOLI,2009-07-22T14:28:00Z,663.0,MPN/100ml,MWRA,0.0,0.52
342437,MWRA176,17674,ECOLI,2006-06-01T13:21:00Z,235.0,CFU/100ml,MWRA,0.0,0.0
366599,MWRA176,19449,ECOLI,2010-07-20T13:06:00Z,31.0,MPN/100ml,MWRA,0.0,0.0
338280,MWRA176,17331,ECOLI,2005-08-25T13:46:00Z,5.0,CFU/100ml,MWRA,0.0,0.0
320800,MWRA176,16129,ECOLI,2002-06-27T13:31:00Z,5.0,CFU/100ml,MWRA,0.0,0.0
343481,MWRA176,17755,ECOLI,2006-07-20T12:27:00Z,30.0,CFU/100ml,MWRA,0.0,0.41000000000000003
367540,MWRA176,19522,ECOLI,2010-08-31T13:52:00Z,20.0,MPN/100ml,MWRA,0.0,0.0
339707,MWRA176,17442,ECOLI,2005-11-01T16:00:00Z,50.0,CFU/100ml,MWRA,0.0,0.0
330984,MWRA176,16833,ECOLI,2004-05-06T13:06:00Z,550.0,CFU/100ml,MWRA,0.0,0.0
346950,MWRA176,18014,ECOLI,2006-12-19T13:55:00Z,10.0,MPN/100ml,MWRA,0.0,0.02
386798,MWRA176,20864,ECOLI,2013-05-08T12:53:00Z,556.0,MPN/100ml,MWRA,0.0,0.0
400904,MWRA176,117973,ECOLI,2014-05-13T12:48:00Z,557.0,MPN/100ml,MWRA,0.0,0.0
400321,MWRA176,117911,ECOLI,2014-04-30T12:21:00Z,168.0,MPN/100ml,MWRA,0.0,0.01
383178,MWRA176,20620,ECOLI,2012-09-05T13:07:00Z,8160.0,MPN/100ml,MWRA,0.04,1.07
335953,MWRA176,17162,ECOLI,2005-05-06T11:57:00Z,10.0,CFU/100ml,MWRA,0.0,0.0
388441,MWRA176,20981,ECOLI,2013-07-16T12:48:00Z,31.0,MPN/100ml,MWRA,0.0,0.0
334775,MWRA176,17082,ECOLI,2004-11-22T15:39:00Z,20.0,CFU/100ml,MWRA,0.0,0.09
403305,MWRA176,118227,ECOLI,2014-07-30T12:27:00Z,932.0,MPN/100ml,MWRA,0.0,0.1
379848,MWRA176,20391,ECOLI,2012-05-18T12:43:00Z,63.0,MPN/100ml,MWRA,0.0,0.04
327077,MWRA176,16547,ECOLI,2003-07-17T12:46:00Z,10.0,CFU/100ml,MWRA,0.0,0.03
359480,MWRA176,18949,ECOLI,2009-06-03T12:55:00Z,10.0,MPN/100ml,MWRA,0.0,0.0
386962,MWRA176,20876,ECOLI,2013-05-09T13:13:00Z,187.0,MPN/100ml,MWRA,0.01,0.39999999999999997
381305,MWRA176,20492,ECOLI,2012-07-10T12:50:00Z,10.0,MPN/100ml,MWRA,0.0,0.0
321328,MWRA176,16165,ECOLI,2002-07-18T13:03:00Z,30.0,CFU/100ml,MWRA,0.0,0.0
369517,MWRA176,19667,ECOLI,2010-11-10T17:05:00Z,1440.0,MPN/100ml,MWRA,0.0,0.29
327718,MWRA176,16588,ECOLI,2003-08-14T13:32:00Z,40.0,CFU/100ml,MWRA,0.0,0.06
362594,MWRA176,19177,ECOLI,2009-10-05T14:26:00Z,1210.0,MPN/100ml,MWRA,0.0,0.68
380348,MWRA176,20427,ECOLI,2012-06-06T13:20:00Z,171.0,MPN/100ml,MWRA,0.0,0.2
348162,MWRA176,18105,ECOLI,2007-05-10T13:06:00Z,20.0,MPN/100ml,MWRA,0.0,0.0
440851,MWRA176,136916,ECOLI,2015-04-13T12:49:00Z,30.0,MPN/100ml,MWRA,0.0,0.0
333131,MWRA176,16971,ECOLI,2004-08-24T13:28:00Z,100.0,CFU/100ml,MWRA,0.0,0.0
442333,MWRA176,136921,ECOLI,2015-06-09T12:11:00Z,52.0,MPN/100ml,MWRA,0.0,0.0
324238,MWRA176,16346,ECOLI,2002-12-16T13:57:00Z,870.0,CFU/100ml,MWRA,0.02,1.3900000000000001
326358,MWRA176,16493,ECOLI,2003-06-25T11:36:00Z,90.0,CFU/100ml,MWRA,0.0,0.01
371442,MWRA176,19799,ECOLI,2011-05-05T13:41:00Z,63.0,MPN/100ml,MWRA,0.0,0.38
390324,MWRA176,21122,ECOLI,2013-09-11T13:27:00Z,132.0,MPN/100ml,MWRA,0.0,0.03
374115,MWRA176,19976,ECOLI,2011-08-30T13:22:00Z,450.0,MPN/100ml,MWRA,0.0,0.52
358875,MWRA176,18909,ECOLI,2009-05-13T13:15:00Z,160.0,MPN/100ml,MWRA,0.0,0.0
357176,MWRA176,18765,ECOLI,2008-11-18T14:40:00Z,583.0,MPN/100ml,MWRA,0.0,0.0
351335,MWRA176,18336,ECOLI,2007-10-03T13:22:00Z,10.0,MPN/100ml,MWRA,0.0,0.0
404802,MWRA176,118385,ECOLI,2014-09-30T12:15:00Z,332.0,MPN/100ml,MWRA,0.0,0.0
405911,MWRA176,118503,ECOLI,2014-12-10T14:02:00Z,6870.0,MPN/100ml,MWRA,0.0,2.94
329220,MWRA176,16691,ECOLI,2003-11-04T13:44:00Z,260.0,CFU/100ml,MWRA,0.0,0.33
367711,MWRA176,19535,ECOLI,2010-09-01T13:45:00Z,10.0,MPN/100ml,MWRA,0.0,0.0
366761,MWRA176,19461,ECOLI,2010-07-21T12:43:00Z,10.0,MPN/100ml,MWRA,0.0,0.0
380846,MWRA176,20461,ECOLI,2012-06-21T13:33:00Z,98.0,MPN/100ml,MWRA,0.0,0.0
328562,MWRA176,16644,ECOLI,2003-09-24T12:56:00Z,6800.0,CFU/100ml,MWRA,0.0,1.05
441904,MWRA176,136920,ECOLI,2015-05-20T12:07:00Z,31.0,MPN/100ml,MWRA,0.0,0.27
357476,MWRA176,18796,ECOLI,2008-11-26T12:59:00Z,4350.0,MPN/100ml,MWRA,0.0,1.77
338812,MWRA176,17371,ECOLI,2005-09-14T12:24:00Z,25.0,CFU/100ml,MWRA,0.0,0.0
442736,MWRA176,136923,ECOLI,2015-06-22T12:21:00Z,1970.0,MPN/100ml,MWRA,0.0,1.72
359721,MWRA176,18968,ECOLI,2009-06-15T13:43:00Z,74.0,MPN/100ml,MWRA,0.0,0.2
383613,MWRA176,20649,ECOLI,2012-09-26T13:22:00Z,85.0,MPN/100ml,MWRA,0.0,0.0
362344,MWRA176,19157,ECOLI,2009-09-23T13:55:00Z,52.0,MPN/100ml,MWRA,0.0,0.0
361259,MWRA176,19075,ECOLI,2009-08-10T14:14:00Z,20.0,MPN/100ml,MWRA,0.0,0.01
343079,MWRA176,17726,ECOLI,2006-06-28T15:07:00Z,185.0,CFU/100ml,MWRA,0.0,0.0
344740,MWRA176,17843,ECOLI,2006-09-14T13:30:00Z,15.0,CFU/100ml,MWRA,0.0,0.0
363313,MWRA176,19227,ECOLI,2009-10-28T13:17:00Z,135.0,MPN/100ml,MWRA,0.01,0.19
355854,MWRA176,18653,ECOLI,2008-09-12T11:33:00Z,354.0,MPN/100ml,MWRA,0.0,0.0
345846,MWRA176,17924,ECOLI,2006-10-17T12:45:00Z,35.0,MPN/100ml,MWRA,0.0,0.0
372682,MWRA176,19881,ECOLI,2011-06-28T13:21:00Z,20.0,MPN/100ml,MWRA,0.0,0.0
381887,MWRA176,20528,ECOLI,2012-08-08T12:52:00Z,30.0,MPN/100ml,MWRA,0.0,0.0
378006,MWRA176,20271,ECOLI,2011-12-22T17:15:00Z,168.0,MPN/100ml,MWRA,0.0,0.5
376057,MWRA176,20122,ECOLI,2011-10-13T13:25:00Z,4880.0,MPN/100ml,MWRA,0.31,0.88
401417,MWRA176,118028,ECOLI,2014-05-29T12:34:00Z,1250.0,MPN/100ml,MWRA,0.0,0.5599999999999999
401668,MWRA176,118054,ECOLI,2014-06-11T13:01:00Z,4610.0,MPN/100ml,MWRA,0.0,0.8500000000000001
383014,MWRA176,20608,ECOLI,2012-09-04T12:41:00Z,10.0,MPN/100ml,MWRA,0.0,0.06999999999999999
338393,MWRA176,17338,ECOLI,2005-08-30T11:54:00Z,4400.0,CFU/100ml,MWRA,0.0,0.5700000000000001
441777,MWRA176,136919,ECOLI,2015-05-19T12:31:00Z,20.0,MPN/100ml,MWRA,0.01,0.02
346052,MWRA176,17938,ECOLI,2006-10-31T13:38:00Z,870.0,MPN/100ml,MWRA,0.0,0.0
383732,MWRA176,20657,ECOLI,2012-09-27T12:58:00Z,41.0,MPN/100ml,MWRA,0.0,0.0
445024,MWRA176,136932,ECOLI,2015-09-16T11:55:00Z,41.0,MPN/100ml,MWRA,0.0,0.0
387385,MWRA176,20907,ECOLI,2013-05-24T12:01:00Z,318.0,MPN/100ml,MWRA,0.0,0.26
348498,MWRA176,18126,ECOLI,2007-06-06T13:20:00Z,1940.0,MPN/100ml,MWRA,0.0,1.1199999999999999
382673,MWRA176,20584,ECOLI,2012-08-29T12:31:00Z,52.0,MPN/100ml,MWRA,0.0,0.15
328232,MWRA176,16622,ECOLI,2003-09-04T13:14:00Z,445.0,CFU/100ml,MWRA,0.08,0.41
362737,MWRA176,19188,ECOLI,2009-10-06T13:13:00Z,160.0,MPN/100ml,MWRA,0.15,0.15
341843,MWRA176,17625,ECOLI,2006-05-16T11:59:00Z,6300.0,CFU/100ml,MWRA,0.03,3.31
359923,MWRA176,18983,ECOLI,2009-06-16T13:18:00Z,52.0,MPN/100ml,MWRA,0.0,0.04
365602,MWRA176,19381,ECOLI,2010-05-27T12:42:00Z,10.0,MPN/100ml,MWRA,0.0,0.11
342874,MWRA176,17709,ECOLI,2006-06-27T13:22:00Z,180.0,CFU/100ml,MWRA,0.0,0.65
390592,MWRA176,21141,ECOLI,2013-09-23T12:53:00Z,9800.0,MPN/100ml,MWRA,0.0,0.37
353373,MWRA176,18485,ECOLI,2008-05-14T13:38:00Z,20.0,MPN/100ml,MWRA,0.0,0.0
356391,MWRA176,18705,ECOLI,2008-10-09T12:55:00Z,31.0,MPN/100ml,MWRA,0.0,0.01
339899,MWRA176,17458,ECOLI,2005-11-04T14:55:00Z,5.0,CFU/100ml,MWRA,0.0,0.0
372383,MWRA176,19864,ECOLI,2011-06-08T13:47:00Z,10.0,MPN/100ml,MWRA,0.0,0.0
367014,MWRA176,19478,ECOLI,2010-08-02T12:56:00Z,52.0,MPN/100ml,MWRA,0.0,0.0
444381,MWRA176,136929,ECOLI,2015-08-26T11:44:00Z,10.0,MPN/100ml,MWRA,0.0,0.0
321167,MWRA176,16152,ECOLI,2002-07-17T13:12:00Z,30.0,CFU/100ml,MWRA,0.0,0.05
356194,MWRA176,18692,ECOLI,2008-09-30T14:08:00Z,240.0,MPN/100ml,MWRA,0.0,0.28
321660,MWRA176,16187,ECOLI,2002-08-06T13:22:00Z,20.0,CFU/100ml,MWRA,0.0,0.0
346249,MWRA176,17956,ECOLI,2006-11-01T14:48:00Z,280.0,MPN/100ml,MWRA,0.0,0.0
337192,MWRA176,17252,ECOLI,2005-07-13T13:25:00Z,40.0,CFU/100ml,MWRA,0.0,0.0
443796,MWRA176,136927,ECOLI,2015-07-27T12:35:00Z,41.0,MPN/100ml,MWRA,0.0,0.02
349274,MWRA176,18179,ECOLI,2007-07-10T13:13:00Z,10.0,MPN/100ml,MWRA,0.0,0.25
387641,MWRA176,20924,ECOLI,2013-06-10T13:01:00Z,309.0,MPN/100ml,MWRA,0.0,0.0
335837,MWRA176,17150,ECOLI,2005-05-04T12:18:00Z,75.0,CFU/100ml,MWRA,0.0,0.04
368162,MWRA176,19565,ECOLI,2010-09-16T13:41:00Z,96.0,MPN/100ml,MWRA,0.0,0.05
337786,MWRA176,17294,ECOLI,2005-08-03T14:52:00Z,15.0,CFU/100ml,MWRA,0.0,0.54
374683,MWRA176,20017,ECOLI,2011-09-13T13:27:00Z,41.0,MPN/100ml,MWRA,0.0,0.0
343914,MWRA176,17787,ECOLI,2006-08-08T12:54:00Z,10.0,CFU/100ml,MWRA,0.0,0.04
326930,MWRA176,16536,ECOLI,2003-07-16T13:11:00Z,490.0,CFU/100ml,MWRA,0.0,0.0
441290,MWRA176,136918,ECOLI,2015-05-04T12:25:00Z,41.0,MPN/100ml,MWRA,0.0,0.0
371856,MWRA176,19828,ECOLI,2011-05-25T13:24:00Z,987.0,MPN/100ml,MWRA,0.0,0.16999999999999998
376327,MWRA176,20142,ECOLI,2011-10-19T12:52:00Z,187.0,MPN/100ml,MWRA,0.0,0.0
320611,MWRA176,16115,ECOLI,2002-06-26T13:28:00Z,20.0,CFU/100ml,MWRA,0.0,0.0
377273,MWRA176,20212,ECOLI,2011-11-17T15:21:00Z,7700.0,MPN/100ml,MWRA,0.0,0.81
442937,MWRA176,136924,ECOLI,2015-06-24T12:16:00Z,98.0,MPN/100ml,MWRA,0.0,0.01
443348,MWRA176,136925,ECOLI,2015-07-13T13:02:00Z,10.0,MPN/100ml,MWRA,0.0,0.0
323406,MWRA176,16292,ECOLI,2002-10-25T12:02:00Z,10.0,CFU/100ml,MWRA,0.0,0.21
332245,MWRA176,16914,ECOLI,2004-07-09T14:00:00Z,15.0,CFU/100ml,MWRA,0.0,0.06
331785,MWRA176,16880,ECOLI,2004-06-17T13:12:00Z,5.0,CFU/100ml,MWRA,0.0,0.0
368452,MWRA176,19584,ECOLI,2010-10-04T13:35:00Z,160.0,MPN/100ml,MWRA,0.0,0.49
354215,MWRA176,18542,ECOLI,2008-06-18T12:30:00Z,1020.0,MPN/100ml,MWRA,0.0,0.44
367998,MWRA176,19554,ECOLI,2010-09-15T14:00:00Z,233.0,MPN/100ml,MWRA,0.0,0.15000000000000002
368965,MWRA176,19621,ECOLI,2010-10-21T12:56:00Z,85.0,MPN/100ml,MWRA,0.0,0.0
350853,MWRA176,18304,ECOLI,2007-09-13T13:24:00Z,5790.0,MPN/100ml,MWRA,0.0,1.28
375892,MWRA176,20110,ECOLI,2011-10-12T13:38:00Z,134.0,MPN/100ml,MWRA,0.0,0.0
371132,MWRA176,19779,ECOLI,2011-05-03T13:34:00Z,10.0,MPN/100ml,MWRA,0.0,0.0
378541,MWRA176,20309,ECOLI,2012-01-27T17:38:00Z,1210.0,MPN/100ml,MWRA,0.04,0.88
341976,MWRA176,17638,ECOLI,2006-05-18T12:11:00Z,370.0,CFU/100ml,MWRA,0.0,0.25
377556,MWRA176,20234,ECOLI,2011-11-30T14:19:00Z,11200.0,MPN/100ml,MWRA,0.0,0.76
402735,MWRA176,118167,ECOLI,2014-07-14T12:51:00Z,10.0,MPN/100ml,MWRA,0.0,0.0
373424,MWRA176,19928,ECOLI,2011-07-27T13:00:00Z,10.0,MPN/100ml,MWRA,0.0,0.16
400675,MWRA176,117948,ECOLI,2014-05-12T12:02:00Z,96.0,MPN/100ml,MWRA,0.0,0.33
334362,MWRA176,17052,ECOLI,2004-10-27T13:31:00Z,30.0,CFU/100ml,MWRA,0.0,0.0
366025,MWRA176,19411,ECOLI,2010-06-23T13:10:00Z,134.0,MPN/100ml,MWRA,0.0,0.06
350390,MWRA176,18264,ECOLI,2007-08-23T13:09:00Z,20.0,MPN/100ml,MWRA,0.0,0.0
350227,MWRA176,18252,ECOLI,2007-08-22T13:40:00Z,10.0,MPN/100ml,MWRA,0.0,0.0
351737,MWRA176,18366,ECOLI,2007-10-25T13:23:00Z,74.0,MPN/100ml,MWRA,0.0,0.06
356493,MWRA176,18714,ECOLI,2008-10-10T11:29:00Z,41.0,MPN/100ml,MWRA,0.0,0.01
336461,MWRA176,17201,ECOLI,2005-06-03T14:01:00Z,25.0,CFU/100ml,MWRA,0.0,0.0
442549,MWRA176,136922,ECOLI,2015-06-11T12:17:00Z,213.0,MPN/100ml,MWRA,0.0,0.0
381136,MWRA176,20480,ECOLI,2012-07-09T13:19:00Z,10.0,MPN/100ml,MWRA,0.0,0.0
322679,MWRA176,16247,ECOLI,2002-10-02T13:46:00Z,60.0,CFU/100ml,MWRA,0.0,0.0
340155,MWRA176,17480,ECOLI,2005-11-21T15:13:00Z,70.0,CFU/100ml,MWRA,0.0,0.0
368623,MWRA176,19598,ECOLI,2010-10-05T13:51:00Z,512.0,MPN/100ml,MWRA,0.0,0.51
344375,MWRA176,17818,ECOLI,2006-08-22T12:38:00Z,55.0,CFU/100ml,MWRA,0.0,0.13
371681,MWRA176,19815,ECOLI,2011-05-23T13:26:00Z,63.0,MPN/100ml,MWRA,0.03,0.11
380182,MWRA176,20414,ECOLI,2012-06-04T13:36:00Z,1180.0,MPN/100ml,MWRA,0.02,0.78
348901,MWRA176,18154,ECOLI,2007-06-20T13:45:00Z,413.0,MPN/100ml,MWRA,0.0,0.0
327540,MWRA176,16574,ECOLI,2003-08-13T12:57:00Z,110.0,CFU/100ml,MWRA,0.0,0.04
387796,MWRA176,20936,ECOLI,2013-06-11T12:30:00Z,2360.0,MPN/100ml,MWRA,0.01,1.77
389239,MWRA176,21043,ECOLI,2013-08-13T13:01:00Z,1940.0,MPN/100ml,MWRA,0.0,0.0
340399,MWRA176,17506,ECOLI,2005-12-01T14:35:00Z,1160.0,CFU/100ml,MWRA,0.0,0.64
372875,MWRA176,19895,ECOLI,2011-06-29T13:30:00Z,108.0,MPN/100ml,MWRA,0.0,0.18
355110,MWRA176,18602,ECOLI,2008-07-29T11:32:00Z,31.0,MPN/100ml,MWRA,0.0,0.11
349019,MWRA176,18162,ECOLI,2007-06-21T13:21:00Z,41.0,MPN/100ml,MWRA,0.0,0.16
337601,MWRA176,17282,ECOLI,2005-08-02T13:43:00Z,125.0,CFU/100ml,MWRA,0.0,0.5700000000000001
390791,MWRA176,21157,ECOLI,2013-09-25T13:42:00Z,408.0,MPN/100ml,MWRA,0.0,0.0
349877,MWRA176,18227,ECOLI,2007-08-02T11:50:00Z,10.0,MPN/100ml,MWRA,0.0,0.0
360766,MWRA176,19039,ECOLI,2009-07-20T14:12:00Z,52.0,MPN/100ml,MWRA,0.0,0.0
360472,MWRA176,19019,ECOLI,2009-07-01T13:47:00Z,487.0,MPN/100ml,MWRA,0.0,0.11
355265,MWRA176,18614,ECOLI,2008-07-30T11:56:00Z,20.0,MPN/100ml,MWRA,0.0,0.0
333604,MWRA176,17002,ECOLI,2004-09-15T13:06:00Z,70.0,CFU/100ml,MWRA,0.0,0.0
351592,MWRA176,18354,ECOLI,2007-10-24T13:33:00Z,63.0,MPN/100ml,MWRA,0.0,0.05
444542,MWRA176,136930,ECOLI,2015-08-27T11:51:00Z,41.0,MPN/100ml,MWRA,0.0,0.0
338130,MWRA176,17319,ECOLI,2005-08-24T13:10:00Z,5.0,CFU/100ml,MWRA,0.0,0.0
323253,MWRA176,16283,ECOLI,2002-10-24T13:28:00Z,10.0,CFU/100ml,MWRA,0.0,0.28
329362,MWRA176,16703,ECOLI,2003-11-05T13:35:00Z,30.0,CFU/100ml,MWRA,0.0,0.01
401170,MWRA176,117998,ECOLI,2014-05-27T12:25:00Z,41.0,MPN/100ml,MWRA,0.0,0.01
369209,MWRA176,19644,ECOLI,2010-10-22T14:42:00Z,10.0,MPN/100ml,MWRA,0.0,0.02
325544,MWRA176,16434,ECOLI,2003-05-08T13:00:00Z,5.0,CFU/100ml,MWRA,0.0,0.08
332632,MWRA176,16937,ECOLI,2004-08-03T12:17:00Z,5.0,CFU/100ml,MWRA,0.0,0.0
373582,MWRA176,19938,ECOLI,2011-07-28T12:39:00Z,20.0,MPN/100ml,MWRA,0.0,0.01
339330,MWRA176,17408,ECOLI,2005-10-05T12:50:00Z,25.0,CFU/100ml,MWRA,0.0,0.0
400537,MWRA176,117935,ECOLI,2014-05-01T12:51:00Z,776.0,MPN/100ml,MWRA,0.02,0.9600000000000001
332064,MWRA176,16900,ECOLI,2004-07-08T13:28:00Z,20.0,CFU/100ml,MWRA,0.0,0.0
402826,MWRA176,118177,ECOLI,2014-07-15T12:12:00Z,10.0,MPN/100ml,MWRA,0.0,0.67
339533,MWRA176,17424,ECOLI,2005-10-26T11:00:00Z,4100.0,CFU/100ml,MWRA,0.0,1.37
376873,MWRA176,20183,ECOLI,2011-10-28T13:44:00Z,3870.0,MPN/100ml,MWRA,0.0,1.03
443478,MWRA176,136926,ECOLI,2015-07-14T12:41:00Z,10.0,MPN/100ml,MWRA,0.0,0.0
382849,MWRA176,20596,ECOLI,2012-08-30T12:43:00Z,10.0,MPN/100ml,MWRA,0.0,0.1
374871,MWRA176,20032,ECOLI,2011-09-14T13:38:00Z,63.0,MPN/100ml,MWRA,0.0,0.0
354388,MWRA176,18556,ECOLI,2008-06-19T13:08:00Z,345.0,MPN/100ml,MWRA,0.0,0.0
358688,MWRA176,18896,ECOLI,2009-05-11T13:47:00Z,98.0,MPN/100ml,MWRA,0.0,0.19
322096,MWRA176,16209,ECOLI,2002-09-11T11:51:00Z,10.0,CFU/100ml,MWRA,0.0,0.0
336295,MWRA176,17189,ECOLI,2005-06-02T13:44:00Z,25.0,CFU/100ml,MWRA,0.0,0.01
443928,MWRA176,136928,ECOLI,2015-07-28T12:51:00Z,74.0,MPN/100ml,MWRA,0.0,0.06
403900,MWRA176,118294,ECOLI,2014-08-21T12:07:00Z,52.0,MPN/100ml,MWRA,0.0,0.0
445558,MWRA176,136934,ECOLI,2015-10-06T12:04:00Z,86.0,MPN/100ml,MWRA,0.0,0.0
326141,MWRA176,16477,ECOLI,2003-06-05T13:20:00Z,100.0,CFU/100ml,MWRA,0.0,0.16
445465,MWRA176,136933,ECOLI,2015-10-05T12:20:00Z,97.0,MPN/100ml,MWRA,0.0,0.0
382051,MWRA176,20540,ECOLI,2012-08-09T12:23:00Z,52.0,MPN/100ml,MWRA,0.0,0.0
333425,MWRA176,16990,ECOLI,2004-09-14T13:33:00Z,50.0,CFU/100ml,MWRA,0.0,0.0
343335,MWRA176,17745,ECOLI,2006-07-19T12:46:00Z,30.0,CFU/100ml,MWRA,0.0,0.41000000000000003
349450,MWRA176,18197,ECOLI,2007-07-11T13:26:00Z,31.0,MPN/100ml,MWRA,0.0,0.06
403631,MWRA176,118265,ECOLI,2014-08-18T12:19:00Z,30.0,MPN/100ml,MWRA,0.0,0.0
389819,MWRA176,21086,ECOLI,2013-08-29T12:47:00Z,52.0,MPN/100ml,MWRA,0.0,0.0
331219,MWRA176,16849,ECOLI,2004-05-26T13:18:00Z,140.0,CFU/100ml,MWRA,0.0,0.52
401811,MWRA176,118070,ECOLI,2014-06-12T12:27:00Z,2610.0,MPN/100ml,MWRA,0.0,0.8
391383,MWRA176,21198,ECOLI,2013-10-22T13:06:00Z,41.0,MPN/100ml,MWRA,0.0,0.0
334968,MWRA176,17097,ECOLI,2004-11-23T15:42:00Z,20.0,CFU/100ml,MWRA,0.0,0.0
354590,MWRA176,18568,ECOLI,2008-07-07T12:27:00Z,63.0,MPN/100ml,MWRA,0.0,0.0
346549,MWRA176,17982,ECOLI,2006-11-20T15:05:00Z,220.0,MPN/100ml,MWRA,0.0,0.0
359235,MWRA176,18932,ECOLI,2009-06-01T13:41:00Z,243.0,MPN/100ml,MWRA,0.0,0.03
379666,MWRA176,20378,ECOLI,2012-05-17T13:05:00Z,384.0,MPN/100ml,MWRA,0.0,0.56
346676,MWRA176,17994,ECOLI,2006-11-21T14:20:00Z,120.0,MPN/100ml,MWRA,0.0,0.0
362218,MWRA176,19146,ECOLI,2009-09-22T14:04:00Z,31.0,MPN/100ml,MWRA,0.0,0.0
386516,MWRA176,20846,ECOLI,2013-04-25T12:36:00Z,86.0,MPN/100ml,MWRA,0.0,0.14
347072,MWRA176,18026,ECOLI,2006-12-20T13:58:00Z,20.0,MPN/100ml,MWRA,0.0,0.02
326011,MWRA176,16463,ECOLI,2003-06-04T13:20:00Z,180.0,CFU/100ml,MWRA,0.0,0.0
364840,MWRA176,19326,ECOLI,2010-05-05T13:22:00Z,85.0,MPN/100ml,MWRA,0.0,0.02
342280,MWRA176,17662,ECOLI,2006-05-31T13:20:00Z,25.0,CFU/100ml,MWRA,0.0,0.0
386338,MWRA176,20833,ECOLI,2013-04-24T12:29:00Z,30.0,MPN/100ml,MWRA,0.0,0.13
351960,MWRA176,18380,ECOLI,2007-11-13T14:28:00Z,10.0,MPN/100ml,MWRA,0.04,0.22
